model,price_pln,battery_mah,camera_mp,ram_gb,rating
OnePlus 11 5G,2804.95,5000,50,12,89
OnePlus Nord CE 2 Lite 5G,1019.44,5000,64,6,81
Samsung Galaxy A14 5G,841.45,5000,50,4,75
Motorola Moto G62 5G,764.95,5000,50,6,81
Realme 10 Pro Plus,1274.95,5000,108,6,82
Samsung Galaxy F23 5G (6GB RAM + 128GB),866.95,5000,50,6,80
Apple iPhone 14,3365.95,3279,12,6,81
Xiaomi Redmi Note 12 Pro Plus,1529.95,4980,200,8,86
Nothing Phone 1,1364.2,4500,50,8,85
OnePlus Nord 2T 5G,1478.95,4500,50,8,84
Realme 10 Pro,968.95,5000,108,6,82
Oppo A78,968.95,5000,50,8,79
Xiaomi Redmi Note 12 Pro 5G,1262.86,5000,50,6,79
Vivo T1 5G (6GB RAM + 128GB),866.49,5000,50,6,80
Apple iPhone 13,3212.95,3240,12,4,79
Vivo Y16,509.95,5000,13,3,65
OPPO Reno 9 Pro Plus,2345.95,4700,50,16,86
OnePlus 10R 5G,1682.95,5000,50,8,86
Vivo Y22,739.45,5000,50,4,72
OnePlus 11R,2039.95,5000,50,8,85
Vivo V25 Pro 5G,1835.95,4830,64,8,85
Poco X4 Pro 5G,764.95,5000,64,6,80
Xiaomi Redmi Note 12,910.81,5000,48,4,76
Vivo V26 Pro,2192.49,4800,64,12,87
Samsung Galaxy S20 FE 5G,1593.19,4500,12,8,88
OnePlus Nord CE 2 Lite 5G (8GB RAM + 128GB),1121.74,5000,64,8,84
Apple iPhone 14 Pro Max,6629.49,4323,48,6,76
Vivo V25 5G,1427.95,4500,64,8,83
Realme 10 Pro (8GB RAM + 128GB),1019.95,5000,108,8,84
Poco X5 Pro,1070.95,5000,108,6,81
Vivo V27,1427.49,4700,64,8,83
Apple iPhone 11,1988.95,3110,12,4,73
Samsung Galaxy M53 5G,1213.29,5000,108,6,85
Samsung Galaxy S21 FE 5G,2039.95,4500,12,8,87
Oppo Reno 8T,1529.49,5000,108,8,87
Xiaomi Redmi Note 12 Pro Max 5G,1682.95,5200,108,6,83
OPPO Reno 9 5G,1453.45,4500,64,8,83
OnePlus Nord CE 3 5G,1121.95,5000,108,6,83
Xiaomi Redmi Note 11 Pro Plus 5G,1019.95,5000,108,6,83
Motorola Edge 20 Fusion 5G,968.95,5000,108,6,87
Realme 10 Pro Plus (8GB RAM + 256GB),1427.95,5000,108,8,85
Vivo Y35,943.45,5000,50,8,80
Samsung Galaxy M33 5G,891.38,6000,50,6,81
Xiaomi Redmi Note 11,608.74,5000,50,4,76
Realme C33,456.45,5000,50,3,64
Vivo Y16 (4GB RAM + 64GB),636.94,5000,13,4,68
Samsung Galaxy A14 5G (6GB RAM + 128GB),968.95,5000,50,6,79
iQOO Neo 7 5G,1529.95,5000,64,8,82
Jio JioPhone 5G,611.49,5000,13,4,64
Motorola Moto G82 5G,968.95,5000,50,6,83
Realme 10,713.95,5000,50,4,74
Realme 9i 5G,763.21,5000,50,4,75
Apple iPhone 14 Plus,3824.95,4325,12,6,82
Xiaomi Redmi Note 10S,560.95,5000,64,6,78
Samsung Galaxy S23 Plus,4334.49,4700,50,8,89
Motorola Moto G32,535.45,5000,50,4,75
Xiaomi Redmi Note 13 Pro 5G,917.49,5000,108,6,78
Vivo S16,1529.49,4600,64,8,85
Samsung Galaxy A23,943.45,5000,50,6,79
Vivo Y22 (6GB RAM + 128GB),841.45,5000,50,6,75
Poco M4 Pro 5G (6GB RAM + 128GB),764.95,5000,50,6,81
Vivo S16 Pro,1810.45,4600,50,8,86
OnePlus 10 Pro 5G,3110.95,5000,50,8,89
Xiaomi Redmi Note 12 Pro Plus (12GB RAM + 256GB),1682.95,4980,200,12,87
Samsung Galaxy F23 5G,815.95,5000,50,4,78
OPPO A17K,484.45,5000,8,3,62
Vivo V23 5G (12GB RAM + 256GB),1427.69,4200,64,12,86
iQOO Z6 Lite 5G,713.44,5000,50,4,75
OnePlus 10T,2294.95,4800,50,8,85
Xiaomi Redmi Note 10T 5G (6GB RAM +128GB),713.95,5000,48,6,79
Apple iPhone 13 Pro,6114.9,3095,12,6,83
OPPO F22 Pro,1410.66,4800,64,8,83
Samsung Galaxy A34 5G,1274.95,5000,48,6,75
Xiaomi Redmi 10A (4GB RAM + 64GB),427.79,5000,13,4,66
Motorola Moto G72 4G,815.95,5000,108,6,83
Samsung Galaxy A14 5G (8GB RAM + 128GB),1070.95,5000,50,8,82
Realme 9 5G,713.95,5000,48,4,75
Vivo T1 5G (8GB RAM + 128GB),1019.49,5000,50,8,83
Samsung Galaxy M13 5G,713.95,5000,50,6,75
Motorola Edge 30 5G,1172.95,4020,50,6,83
Samsung Galaxy A23 5G,1172.95,5000,50,6,79
OPPO K10 5G,866.95,5000,48,8,79
Xiaomi Redmi Note 11 (6GB RAM + 128GB),728.79,5000,50,6,80
Vivo Y21 2021,687.94,5000,13,4,69
OnePlus Ace Racing Edition 5G,1172.49,5000,64,8,83
Motorola Moto G62 (8GB RAM + 128GB),841.45,5000,50,8,84
Realme C33 (4GB RAM + 64GB),509.95,5000,50,4,67
Realme 9i,637.45,5000,50,4,75
OPPO A17,637.45,5000,50,4,72
iQOO 11 5G,3059.95,5000,50,8,88
Vivo T1 5G,815.49,5000,50,4,78
Apple iPhone 14 Pro,6119.49,3200,48,6,75
Xiaomi Redmi Note 11 Pro Max 5G,1019.95,5200,108,6,83
Motorola Moto S30 Pro,1223.49,4400,50,8,83
Realme 10s,662.95,5000,50,8,80
OPPO F19 Pro Plus 5G,1019.49,4310,48,8,82
Vivo V27 Pro,2243.95,5000,108,12,87
Samsung Galaxy S22 5G,2549.95,3700,50,8,86
Vivo T1 44W (6GB RAM + 128GB),815.95,5000,50,6,79
OnePlus 10R 5G (12GB RAM + 256GB),1886.95,5000,50,12,87
Tecno Phantom X2,2039.95,5160,64,8,85
Xiaomi Redmi K50i 5G,1172.95,5080,64,6,82
Samsung Galaxy A53 5G,1631.95,5000,64,6,87
OPPO Reno8 5G,1496.34,4500,50,8,83
Samsung Galaxy M53 5G (8GB RAM + 128GB),1289.74,5000,108,8,87
iQOO Z6 Pro 5G,1111.19,4700,64,6,78
Tesla Pi Phone,3569.95,5000,50,16,83
Samsung Galaxy S23,3620.49,3900,50,8,88
Motorola Edge 30 Pro 5G,1784.95,4800,50,8,89
OnePlus Nord 2T (12GB RAM + 256GB),1728.9,4500,50,12,85
Google Pixel 6A,1529.95,4410,2,6,71
Infinix Note 12 Pro 5G,968.95,5000,108,8,84
Samsung Galaxy M33 5G (8GB RAM + 128GB),994.45,6000,50,8,84
Vivo V23 5G,1274.69,4200,64,8,83
Motorola Moto G42,560.95,5000,50,4,78
OnePlus Nord CE 2 Lite 5G (8GB RAM + 256GB),1274.95,5000,64,8,85
Samsung Galaxy A33 5G,1325.95,5000,48,6,82
Google Pixel 7A,1784.49,4410,2,6,69
Xiaomi Redmi 11 Prime 5G,686.77,5000,50,4,74
Xiaomi Redmi Note 10 Lite,509.95,5020,48,4,76
Motorola Moto E40,407.95,5000,48,4,71
Nothing Phone 1 (8GB RAM + 256GB),1440.7,4500,50,8,86
Poco X4 Pro 5G (6GB RAM + 128GB),841.45,5000,64,6,82
Xiaomi Redmi Note 11 Pro Plus 5G (8GB RAM + 256GB),1172.95,5000,108,8,87
Apple iPhone 11 (128GB),2396.95,3110,12,4,75
Realme C35 (6GB RAM + 128GB),713.95,5000,50,6,74
OPPO K10,687.99,5000,50,6,78
iQOO Neo 6 5G,1478.95,4700,64,8,82
iQOO Z6 5G,790.45,5000,50,4,78
OPPO Reno 9 Pro 5G,2039.95,4500,50,16,86
Poco M4 Pro 5G,662.95,5000,50,4,76
OnePlus Clover,764.95,6000,13,4,69
Samsung Galaxy F04,433.45,5000,13,4,68
iQOO 7,1274.49,4400,48,8,83
Samsung Galaxy M34 5G,866.95,6000,64,6,84
Xiaomi Redmi 10,489.04,6000,50,4,71
Xiaomi Redmi Note 12 (6GB RAM + 128GB),1019.39,5000,48,6,79
Motorola Moto G52,611.95,5000,50,4,75
Apple iPhone 15 Pro Max,7292.49,4352,50,8,79
Oppo A98,1580.49,5000,108,8,87
Infinix Zero 5G 2023,994.45,5000,50,8,85
OPPO F21 Pro 5G,1324.42,4500,64,8,82
Realme 11 Pro,1478.95,5000,64,6,82
Realme 9 4G,764.95,5000,108,6,81
Cola Phone,764.95,5000,50,4,74
Apple iPhone 13 Pro Max,6624.9,4352,12,6,84
Oppo Reno 10 Pro Plus,3008.49,4700,64,12,88
Vivo X90 5G,2141.49,4810,50,8,88
Samsung Galaxy F13,560.95,6000,50,4,74
Xiaomi Redmi Note 10S (6GB RAM + 128GB),611.95,5000,64,6,79
Realme 10 (8GB RAM + 128GB),866.95,5000,50,8,79
iQOO 9 SE 5G,1580.49,4500,48,8,83
Infinix Hot 20,917.95,5000,50,4,75
Xiaomi Redmi Note 13 Pro Max 5G,1045.45,5200,108,6,83
Realme Narzo 50 Pro 5G,1044.99,5000,48,6,81
OPPO A74 5G,789.99,5000,48,6,77
Apple iPhone 9,1529.49,2050,12,3,61
iQOO Z6 Lite (6GB RAM + 128GB),790.45,5000,50,6,79
Xiaomi Redmi Note 11SE,611.95,5000,64,6,80
Realme Narzo 50,560.95,5000,50,4,74
Vivo Y75 5G,1121.49,5000,50,8,82
Vivo V25 (12GB RAM + 256GB),1631.95,4500,64,12,85
POCO M4 Pro 4G,611.95,5000,64,6,77
Infinix Zero Ultra,1886.95,4500,200,8,89
Tecno Spark Go 2023,356.95,5000,13,3,62
Motorola Moto X40,2039.95,4600,50,8,89
Samsung Galaxy F24 5G,764.95,5000,50,4,78
Realme 10 5G,739.45,5000,50,8,79
OnePlus Nord 3 5G,1427.95,4200,50,8,84
Motorola Moto G82 (8GB RAM + 128GB),1045.45,5000,50,8,86
iKall Z19 Pro,413.05,5000,13,4,60
LeEco S1 Pro,560.95,5000,13,8,65
Realme C2s,178.45,4000,13,3,63
Samsung Galaxy M54 5G,1784.95,6000,64,6,85
Motorola Edge 30 Fusion 5G,2039.95,4400,50,8,88
Realme C35,603.23,5000,50,4,70
OPPO Reno 8 Pro House of Dragon Edition,2345.95,4500,50,12,86
OnePlus Nord CE 3 Lite 5G,968.95,5000,50,6,81
Poco X4 Pro 5G (8GB RAM + 128GB),917.95,5000,64,8,84
Samsung Galaxy M04,433.45,5000,13,4,66
OPPO A77s,917.95,5000,50,8,76
Samsung Galaxy A13,736.95,5000,50,4,75
Motorola Moto G52 (6GB RAM + 128GB),662.95,5000,50,6,79
Poco M4 5G,586.45,5000,50,4,75
Nothing Phone 1 (12GB RAM + 256GB),1835.95,4500,50,12,87
Samsung Galaxy A54 5G,1784.95,5000,50,6,76
Tecno Pova 4,611.95,6000,50,8,73
Xiaomi Redmi Note 12 Pro (8GB RAM + 256GB),1427.69,5000,50,8,82
Apple iPhone 14 Pro Max (256GB),7139.49,4323,48,6,77
Vivo V25 Pro (12GB RAM + 256GB),2039.95,4830,64,12,86
Realme 9 5G (6GB RAM + 128GB),790.45,5000,48,6,79
Realme 9 Pro 5G,968.95,5000,64,6,80
Lava Blaze 5G,560.95,5000,50,4,73
Honor X9a,1427.95,5100,64,8,81
Tecno Pova 3,509.95,7000,50,4,74
Vivo V23 Pro 5G,1631.69,4300,108,8,85
Samsung Galaxy A04e,474.25,5000,13,3,65
Xiaomi Redmi K60,1529.49,5500,64,8,84
Realme 9 Pro Plus 5G,1320.9,4500,50,6,78
Realme 9i 5G (6GB RAM + 128GB),866.95,5000,50,6,78
Motorola Edge 30 5G (8GB RAM + 128GB),1274.95,4020,50,8,85
Xiaomi Redmi Note 11 (6GB RAM + 64GB),621.59,5000,50,6,79
POCO C31 (4GB RAM + 64GB),382.45,5000,13,4,68
Realme Narzo 50 5G,917.95,5000,48,6,79
Realme GT Neo 3T,1274.95,5000,64,6,79
OPPO Reno 8 Pro 5G,2345.95,4500,50,12,86
iQOO 11 Pro 5G,3008.49,4700,50,8,89
Vivo T1x 4G,611.95,5000,50,4,74
Xiaomi Redmi 10 Power,611.95,6000,50,8,77
OPPO A58,968.49,5000,50,6,76
Vivo T1 44W,739.45,5000,50,4,77
Vivo Y16 (3GB RAM + 64GB),535.45,5000,13,3,66
OPPO Reno 8 Z,1376.49,4500,64,8,86
Vivo Y75 4G,1019.49,4050,50,8,82
Xiaomi Redmi Note 12 Explorer,1274.95,4300,200,8,89
OPPO A57 4G (4GB RAM + 64 GB),712.42,5000,13,4,69
Samsung Galaxy A75 5G,2294.95,5000,108,8,83
Vivo T1 Pro 5G (8GB RAM + 128GB),1274.95,4700,64,8,84
Google Pixel 7 5G,2708.1,4355,50,8,86
Xiaomi Redmi Note 11T 5G (6GB RAM + 128GB),866.95,5000,50,6,81
OPPO F21s Pro 4G,1116.85,4500,64,8,82
Apple iPhone 14 (256GB),3875.95,3279,12,6,82
Motorola Moto G73,1325.95,5000,50,8,85
Nubia Red Magic 8 Pro 5G,2396.49,6000,50,8,84
Motorola Moto G31,509.95,5000,50,4,75
Tecno Phantom X2 Pro,2549.95,5160,50,12,89
Infinix Zero 20,917.95,4500,108,8,87
iQOO Z6 5G (6GB RAM + 128GB),863.94,5000,50,6,80
Xiaomi Redmi Note 11 Pro 5G,917.49,5000,108,6,81
OPPO A1 Pro,1070.49,4800,108,8,84
Samsung Galaxy S22 FE 5G,2651.95,4200,12,8,79
Samsung Galaxy S22 Plus 5G,3286.9,4500,50,8,87
Vivo U3x,458.49,5000,13,6,71
Motorola Moto G23,1019.95,5000,50,4,77
Poco M4 5G (6GB RAM + 128GB),688.45,5000,50,6,79
Tecno Pova 5G,790.45,6000,50,8,78
POCO C31,331.45,5000,13,3,65
Apple iPhone XR2,3671.95,3060,12,4,60
Samsung Galaxy A53 (8GB RAM + 256GB),1861.45,5000,64,8,89
Infinix Note 12 5G,815.95,5000,50,6,78
OPPO Reno7 Pro 5G,1631.69,4500,50,12,87
OnePlus Ace 2,1784.95,5000,50,8,84
Redmi Note 11 Pro 2023,968.95,5000,108,6,81
Nothing Phone 2,2039.49,4700,50,8,88
Samsung Galaxy A32 (8GB RAM + 128GB),841.45,5000,64,8,82
Google Pixel 6 Pro,2769.3,5003,50,12,89
Infinix Note 12i (2022),509.95,5000,50,4,73
Xiaomi Redmi 11 Prime 5G (6GB RAM + 128GB),815.49,5000,50,6,77
Xiaomi Redmi Note 11 Pro Plus 5G (8GB RAM + 128GB),1157.7,5000,108,8,86
Xiaomi 12 Pro 5G,2600.49,4600,50,8,89
Apple iPhone 13 Mini,3309.9,2438,12,4,79
Tecno Pova 3 (6GB RAM + 128GB),703.75,7000,50,6,77
Realme C31 (4GB RAM + 64GB),458.95,5000,13,4,65
Asus ROG Phone 6 Pro 5G,4589.95,6000,50,18,88
Vivo V23e 5G,1121.69,4050,50,8,84
Apple iPhone 14 Mini,3569.49,3500,12,6,70
Xiaomi Redmi Note 10T 5G,662.95,5000,48,4,75
iQOO Neo 7 SE 5G,1274.49,5000,64,8,83
Samsung Galaxy A23 (8GB RAM + 128GB),1019.49,5000,50,8,82
Xiaomi Redmi Note 12 Pro (8GB RAM + 128GB),1376.95,5000,50,8,82
Xiaomi Redmi Note 12 Turbo,1019.95,5000,50,8,81
Infinix Note 12 Pro,861.9,5000,108,8,83
Infinix Hot 20 (6GB RAM+ 128GB),1019.95,5000,50,6,78
Apple iPhone 14 Pro Max (1TB),9332.95,4323,48,6,78
Samsung Galaxy M13,662.95,6000,50,6,75
Poco M4 Pro 5G (8GB RAM + 128GB),815.95,5000,50,8,82
Xiaomi Redmi Note 10S (8GB RAM + 128GB),713.95,5000,64,8,82
Realme C11 2021 (4GB RAM + 64GB),395.2,5000,8,4,61
Samsung Galaxy A23 5G (8GB RAM + 128GB),1274.95,5000,50,8,81
OPPO F21s Pro,1320.64,4500,64,8,82
Xiaomi 13 5G,2396.49,4500,50,8,89
Xiaomi Redmi 10A,382.45,5000,13,3,64
Vivo Y01A,397.29,5000,8,2,60
Xiaomi Redmi K50i (8GB RAM + 256GB),1325.95,5080,64,8,85
Realme C30 (3GB RAM + 32GB),321.25,5000,8,3,60
Motorola Moto G51 5G,662.95,5000,50,4,77
Xiaomi Redmi 10 (6GB RAM + 128GB),611.95,6000,50,6,75
Xiaomi Mi 11 Lite NE 5G,1116.39,4250,64,6,83
OnePlus 10T (16GB RAM + 256GB),2855.95,4800,50,16,87
Samsung Galaxy A13 (4GB RAM + 128GB),764.95,5000,50,4,75
OPPO Reno7 5G,1325.69,4500,64,8,85
OnePlus 9RT 5G,2192.95,4500,50,8,85
Samsung Galaxy A53 5G (8GB RAM + 128GB),1708.45,5000,64,8,89
Motorola Moto G71 5G,866.95,5000,50,6,80
Vivo Y100,1529.49,5000,50,8,82
Samsung Galaxy M13 5G (4GB RAM + 64GB),660.14,5000,50,4,71
POCO X5 GT,1529.49,5000,64,8,84
Honor X9 5G,866.95,4800,48,8,80
iQOO 11 (16GB RAM + 256GB),3314.95,5000,50,16,89
Apple iPhone 14 Plus (256GB),4334.95,4325,12,6,83
Samsung Galaxy A33 5G (8GB RAM + 128GB),1402.45,5000,48,8,85
Tecno Spark 9,458.95,5000,13,6,69
Google Pixel 6,2064.48,4614,50,8,84
Xiaomi Redmi Note 10 Pro (6GB RAM + 128GB),917.95,5020,64,6,81
Infinix Hot 20 Play,458.95,6000,13,4,67
Vivo T1x (6GB RAM + 128GB),764.95,5000,50,6,77
OPPO F23 Pro,1019.49,4500,64,8,82
iQOO Z6 Pro 5G (8GB RAM + 128GB),1193.35,4700,64,8,80
Realme 9 5G SE (8GB RAM + 128GB),1172.9,5000,48,8,82
Poco F4 5G,1325.95,4500,64,6,82
Infinix Note 12,596.7,5000,50,4,74
Motorola Moto G60,815.95,6000,108,6,84
OnePlus 9 Pro,3304.8,4500,48,8,89
Xiaomi Redmi Note 11S,744.09,5000,108,6,80
Xiaomi Redmi 9 Activ,382.45,5000,13,4,68
Tecno Camon 19 Pro 5G,1121.95,5000,64,8,82
Samsung Galaxy A04,611.95,5000,50,4,71
POCO M4 Pro 4G (6GB RAM + 128GB),662.95,5000,64,6,79
OnePlus Nord N20 5G,1070.49,4500,64,6,81
Apple iPhone 13 (256GB),3722.95,3240,12,4,79
Motorola Moto G53,1121.95,5000,50,4,79
Motorola Moto G22,484.45,5000,50,4,75
Xiaomi Redmi 9i Sport,382.45,5000,13,4,66
Vivo Y93,918.0,4030,13,4,62
Xiaomi Redmi K60 Pro,1988.95,5000,54,8,85
Vivo Y22s,764.49,5000,50,8,77
OPPO A77,790.45,5000,50,4,70
Xiaomi Redmi 10A Sport,509.95,5000,13,6,69
Poco F4 (12GB RAM + 256GB),1529.95,4500,64,12,86
Realme 9 4G (8GB RAM + 128GB),815.95,5000,108,8,84
Xiaomi 12T Pro 5G,3059.49,5000,200,8,89
iQOO 9 5G,1784.49,4350,48,8,84
Samsung Galaxy S24 Ultra,6119.49,5100,200,12,85
OnePlus 10T (12GB RAM + 256GB),2600.95,4800,50,12,87
Tecno Spark 9 (4GB RAM + 64GB),407.95,5000,13,4,65
Samsung Galaxy S21 FE 5G (8GB RAM + 256GB),2243.95,4500,12,8,88
Xiaomi Redmi Note 11T 5G (8GB RAM + 128GB),943.45,5000,50,8,83
Vivo V21 Pro,1682.95,4300,64,8,85
Poco X3,688.45,6000,64,6,80
Samsung Galaxy S20 FE,1809.94,4500,12,8,86
Google Pixel 4,1026.12,2800,16,6,78
Samsung Galaxy S10 Plus,2192.95,4100,16,8,81
Realme 11 Pro Plus,1274.95,4200,50,6,78
OPPO F21 Pro 4G,1070.95,4500,64,8,82
Realme GT 2 5G,1478.69,5000,50,8,84
Samsung Galaxy S21,2493.9,4000,64,8,88
Samsung Galaxy A71,1147.19,4500,64,8,86
Vivo Y02s,458.49,5000,8,3,61
Tecno Spark 8C (4GB RAM + 64GB),453.39,5000,13,4,63
iQOO Z6 5G (8GB RAM + 128GB),943.4,5000,50,8,82
Vivo T1 Pro,1223.95,4700,64,6,81
Realme 9 Pro Plus 5G (8GB RAM + 128GB),1172.69,4500,50,8,81
Samsung Galaxy A04s,662.49,5000,50,4,71
Realme 9i (6GB RAM + 128GB),764.95,5000,50,6,78
Realme 8 5G (8GB RAM + 128GB),943.45,5000,48,8,80
OPPO F19,764.49,5000,48,6,78
Samsung Galaxy M32 Prime Edition,618.12,6000,64,4,75
Oukitel WP19,1529.49,21000,64,8,84
Realme 9 Pro 5G (8GB RAM + 128GB),1070.95,5000,64,8,82
Xiaomi Redmi Note 10 Lite (6GB RAM + 128GB),611.95,5020,48,6,80
Samsung Galaxy A13 5G,917.49,5000,50,4,73
Xiaomi Redmi Note 11 5G,764.49,5000,50,4,77
Realme GT Neo 5,1784.95,4600,50,8,83
Apple iPhone 15 Ultra,7644.9,4700,48,8,79
Realme 9i (4GB RAM + 128GB),713.95,5000,50,4,75
Xiaomi Redmi Note 11T 5G,866.95,5000,50,6,79
OPPO Reno 6 Pro 5G,1874.76,4500,64,12,87
Xiaomi Mi 11i 5G,1198.45,5160,108,6,81
Asus ROG Phone 7,3875.49,6000,64,18,87
Oppo A77 5G,1121.49,5000,48,6,76
Realme 9 5G SE,968.95,5000,48,6,80
Samsung Galaxy A03,369.7,5000,48,3,66
OnePlus Nord N200,866.49,5000,13,4,75
Xiaomi Mi 11X,1218.39,4520,48,6,80
OPPO Reno 6,1345.38,4300,64,8,83
Realme X50 Pro 5G (12GB RAM + 256GB),1427.95,4200,64,12,87
Xiaomi Redmi 10A (6GB RAM + 128GB),553.35,5000,13,6,70
Redmi Note 12 Pro Speed Edition,1019.95,5000,108,6,81
Apple iPhone 14 Pro (256GB),6629.49,3200,48,6,76
Motorola Moto G72,1019.49,5000,108,6,81
Honor 70 5G,2039.49,4800,54,12,88
Vivo V23 Pro 5G (12GB RAM + 256GB),1886.69,4300,108,12,87
OPPO A55 4G (6GB RAM + 128GB),749.7,5000,50,6,76
Xiaomi Mi 11T Pro 5G,1784.49,5000,108,8,86
Nokia X50 5G,1784.95,6000,108,6,76
Xiaomi Redmi Note 10,713.49,5000,48,4,75
Vertu Signature Touch,33150.0,2275,13,2,62
Samsung Galaxy M32 Prime Edition (6GB RAM + 128GB),757.81,6000,64,6,79
Tecno Camon 19 Pro Mondrian Edition,917.95,5000,64,8,84
Poco F5,1784.49,4700,64,8,85
BLU F91 5G,764.49,5000,48,8,85
OPPO A16e,458.95,4230,13,3,65
Motorola Moto E32,458.95,5000,50,4,71
Xiaomi Redmi Note 11S (8GB RAM + 128GB),807.02,5000,108,8,84
Samsung Galaxy A52 (8GB RAM + 128GB),1147.19,4500,64,8,86
Poco X3 Pro,1002.15,5160,48,6,82
Xiaomi Redmi 9A,356.95,5000,13,2,61
Samsung Galaxy A32,841.45,5000,64,6,80
Motorola Moto G13,815.95,5000,50,4,75
Asus ROG Phone 6 Batman Edition,3722.95,6000,50,16,88
Xiaomi Redmi Note 12 Pro Plus (6GB RAM + 128GB),1376.95,4980,200,6,84
Realme C35 (4GB RAM + 128GB),652.14,5000,50,4,71
Infinix Hot 12,509.95,6000,50,4,72
Vivo X80 5G,2804.95,4500,50,8,86
Vivo Y53s,789.99,5000,64,8,79
Tecno Phantom X,1325.95,4700,50,8,84
Samsung Galaxy M04 (4GB RAM + 128GB),484.45,5000,13,4,68
Redmi 12C,407.95,5000,50,4,70
Asus ZenFone 9,3263.49,4300,50,8,86
Sony Xperia L5 5G,815.49,4000,13,4,73
iQOO 9 SE 5G (12GB RAM + 256GB),1782.4,4500,48,12,85
Tecno Spark 8 Pro,448.75,5000,48,4,72
Xiaomi Redmi 10 Prime,631.89,6000,50,4,74
Samsung Galaxy F22,586.45,6000,48,4,73
OPPO Reno 10 Pro,2192.49,5000,50,16,86
Nubia Z50,1784.95,5000,64,8,82
Samsung Galaxy F13 (4GB RAM + 128GB),611.95,6000,50,4,75
Nokia G11 Plus,535.45,5000,50,4,70
Infinix Hot 12 Play,454.41,6000,13,4,66
Vivo T2 5G,1274.49,4700,64,8,85
OPPO Reno7 Z 5G,917.95,4500,64,8,84
Xiaomi Mi 11 Lite NE 5G (8GB RAM + 128GB),1172.95,4250,64,8,86
Infinix Zero X Pro,1121.49,4500,108,8,85
Samsung Galaxy M32,630.56,6000,64,4,76
Samsung Galaxy A82 5G,2039.49,4500,64,6,86
Xiaomi Poco F1,611.95,4000,12,6,77
Lyf Earth 1,203.49,3500,13,3,60
Motorola Moto E13,535.45,5000,13,2,65
Huawei Mate 50 RS Porsche Design,12239.95,4700,50,512,81
Samsung Galaxy F63,1121.95,7000,64,6,84
iQOO Z6 4G (6GB RAM + 128GB),815.95,5000,50,6,80
Sony Xperia 5 II,3569.49,4000,12,8,86
Vivo Y3 (4GB RAM + 128GB),662.49,5000,13,4,71
Tecno Pova 4 Pro,815.95,6000,50,8,74
Huawei Nova 10 SE,1223.95,4500,108,8,84
Vivo T1x (4GB RAM + 128GB),662.95,5000,50,4,75
Nubia Red Magic 7S Pro,3110.49,5000,64,12,86
Motorola Moto E32s (4GB RAM + 64GB),451.81,5000,16,4,67
iQOO Neo 6 5G (12GB RAM + 256GB),1721.2,4700,64,12,84
Samsung Galaxy A15,815.49,5000,48,6,63
POCO X4 GT 5G,1274.49,5080,64,8,84
Realme Narzo 50 5G (4GB RAM + 128GB),764.95,5000,48,4,76
Vivo Y77 5G,917.49,4500,50,6,76
Honor 60 SE 5G,1274.49,4300,64,8,75
Xiaomi Redmi 11 Prime,591.6,5000,50,4,74
Realme C31,423.25,5000,13,3,62
Motorola Moto G31 (6GB RAM+ 128GB),611.95,5000,50,6,78
OnePlus 6 (8GB RAM + 128GB),1427.95,3300,20,8,77
Google Pixel 2 XL,815.49,3520,2,4,69
Xiaomi Redmi A1 Plus,371.74,5000,8,2,60
Honor 70 5G (8GB RAM + 256GB),1580.49,4800,54,8,86
Realme Narzo 50 (6GB RAM + 128GB),790.45,5000,50,6,77
Vivo Y15s,433.45,5000,13,3,66
Samsung Galaxy M32 (6GB RAM + 128GB),738.99,6000,64,6,80
Samsung Galaxy F42 5G,789.99,5000,64,6,80
Realme Q5 5G,764.49,5000,50,6,78
POCO M3 Pro 5G,815.95,5000,48,4,75
Google Pixel 5,1836.0,4080,16,8,82
Xiaomi Redmi Note 12 Discovery Edition,1376.49,4300,200,8,86
Samsung Galaxy M13 (4GB RAM + 64GB),542.13,6000,50,4,71
Oppo Reno 8 Pro (8GB RAM + 256GB),2192.49,4500,50,8,85
Vivo Y78 5G,1274.49,4500,50,8,77
iQOO Z6 4G,738.94,5000,50,4,77
OPPO A76,840.99,5000,13,6,73
Realme 9 Pro Plus 5G (8GB RAM + 256GB),1249.19,4500,50,8,82
Vivo Y01,407.95,5000,8,2,61
Motorola Moto Edge S30 5G,1223.49,5000,108,6,85
Realme GT 2 Pro 5G,2547.91,5000,50,8,89
Apple iPhone 13 Pro (256GB),6624.9,3095,12,6,83
Vivo Y73 2021,1019.49,4000,64,8,80
Samsung Galaxy F14,764.49,5000,50,4,67
Vivo V20,1186.72,4000,64,8,85
Xiaomi Redmi Note 9 Pro,713.95,5020,48,4,75
OnePlus 10R Prime Edition,1804.84,5000,50,8,85
Nokia C31,484.45,5050,13,3,62
Infinix Hot 12 Pro (8GB RAM+ 128GB),629.34,5000,50,8,76
Poco M5,550.75,5000,50,4,74
Xiaomi Redmi 10C (4GB RAM + 128GB),764.49,6000,50,4,73
ZTE Axon 40 Ultra 5G,3161.49,5000,64,8,89
OPPO K10 (8GB RAM + 128GB),866.49,5000,50,8,80
Huawei Nova 9 SE,1019.49,4000,108,8,84
Samsung Galaxy S22 5G (8GB RAM + 256GB),2957.95,3700,50,8,87
Lenovo Legion Y90,2396.49,5600,64,12,87
Vivo Y55 5G,1070.49,5000,50,4,77
Nokia X100 5G,917.49,4470,48,6,82
Realme 8s 5G (8GB RAM + 128GB),892.45,5000,64,8,82
Realme 8s 5G,917.95,5000,64,6,80
Poco X5,764.95,5000,48,4,74
Xiaomi Redmi Note 10 Pro Max (6GB RAM + 128GB),1018.98,5020,108,6,82
iQOO 7 (12GB RAM + 256GB),1835.49,4400,48,12,85
Realme 8,815.95,5000,64,4,78
Samsung Galaxy S20,2141.95,4000,64,8,88
Xiaomi Redmi K60E,1325.95,5500,48,8,83
Motorola Moto E32s,407.49,5000,16,3,65
OnePlus Nord 3T 5G,1529.49,4500,50,8,84
OPPO F23 Pro Plus 5G,1427.49,4500,50,8,83
Poco F5 Pro,1529.95,5500,64,8,84
OPPO A16e (4GB RAM + 64GB),458.95,4230,13,4,68
POCO M4 Pro 4G (8GB RAM + 128GB),713.95,5000,64,8,81
Realme Narzo 50A,586.45,6000,50,4,71
Asus ROG Phone 5s 5G,2039.95,6000,64,8,87
Realme GT Master Edition 5G,1427.95,4300,64,8,84
Samsung Galaxy A32 5G,1249.45,5000,48,6,79
Nubia Red Magic 8 Pro Plus,3110.95,5000,50,12,86
Xiaomi Redmi Note 9 Pro Max,840.99,5020,64,6,80
Samsung Galaxy A52,1274.49,4500,64,6,83
Samsung Galaxy A04e (3GB RAM + 64GB),507.45,5000,13,3,66
Oppo A56s,662.95,5000,13,8,75
Oppo Reno 8T 4G,1019.95,5000,50,8,83
OPPO Reno 10,1682.95,5000,50,8,84
Nokia G60,1453.4,4500,50,6,81
OPPO A77 (4GB RAM + 128 GB),815.9,5000,50,4,71
Motorola Edge 40 Pro 5G,3059.49,4800,50,8,89
Oppo K10x 5G,866.49,5000,64,6,78
iQOO Z6 Pro 5G (12GB RAM + 256GB),1427.95,4700,64,12,82
Nokia G21 (6GB RAM + 128GB),688.45,5050,50,6,75
Samsung Galaxy A13 (6GB RAM + 128GB),841.45,5000,50,6,78
OPPO A16K (4GB RAM + 64GB),560.95,4230,13,4,66
Xiaomi Redmi 10C,713.49,6000,50,4,71
Tecno Spark 9 Pro,509.95,5000,48,4,74
Realme GT Neo 3 5G,1631.69,5000,50,8,83
Xiaomi 11i HyperCharge 5G,1265.82,4500,108,6,83
iQOO Neo 6 SE 5G,1172.49,4700,64,8,83
iQOO 9 Pro 5G,3059.49,4700,50,8,88
Realme Narzo 50i (4GB RAM + 64GB),458.95,5000,8,4,62
Xiaomi Redmi 9 Activ (6GB RAM + 128GB),535.45,5000,13,6,72
Xiaomi Redmi Note 8 2021,509.49,4000,48,4,75
Xiaomi Redmi Note 10 5G,636.99,5000,48,4,76
Vivo Y20G,713.49,5000,13,4,69
Samsung Galaxy A22 5G,917.49,5000,48,6,79
Vivo V21,1274.95,4000,64,8,83
Realme 7 Pro (8GB RAM + 128GB),1121.95,4500,64,8,85
OnePlus Nord Lite,1019.95,4300,48,8,77
Apple iPhone 11 Pro Max,5604.9,3500,12,4,77
Sony Xperia Ace IV,1019.49,5000,50,8,80
Samsung Galaxy A04e (4GB RAM + 128GB),586.45,5000,13,4,69
Xiaomi Redmi Note 12 4G,713.95,5000,48,4,75
Vivo V28,1478.49,5000,108,8,84
Poco F4 5G (8GB RAM + 128GB),1427.95,4500,64,8,85
Xiaomi Redmi Note 11T Pro 5G,1019.49,5080,64,6,82
Realme Narzo 50 Pro 5G (8GB RAM + 128GB),1172.95,5000,48,8,83
Vivo T1 44W (8GB RAM + 128GB),917.95,5000,50,8,82
Xiaomi Redmi Note 11S (6GB RAM + 128GB),790.45,5000,108,6,81
Lava Agni 5G,917.49,5000,64,8,84
Realme 8i (6GB RAM + 128GB),713.95,5000,50,6,77
OPPO A55 4G,688.45,5000,50,4,73
POCO M3 Pro 5G (6GB RAM + 128GB),754.75,5000,48,6,79
Realme C21Y,356.95,5000,13,3,62
OPPO A16,611.95,5000,13,4,69
Vivo V21 5G,1223.69,4000,64,8,85
Sony Xperia 1 II,3569.95,4000,12,8,89
Motorola Edge Plus,2957.95,5000,108,12,89
Samsung Galaxy Note 20,4386.0,4300,64,8,87
Samsung Galaxy A12,611.95,5000,48,4,71
Xiaomi Redmi Note 12 Pro 4G,764.95,5000,50,6,77
Realme GT Neo 3T (8GB RAM + 128GB),1351.45,5000,64,8,81
Realme C30s (4GB RAM + 64GB),458.49,5000,8,4,62
Apple iPhone 14 (512GB),4895.95,3279,12,6,82
iQOO 9T 5G,2447.49,4700,50,8,85
Tecno Camon 19 Pro,917.49,5000,64,8,81
OnePlus Nord 2 Lite 5G,1172.95,5000,64,8,83
POCO F4 GT 5G,2039.95,4700,64,8,86
Xiaomi 11T Pro 5G (12GB RAM + 256GB),1988.95,5000,108,12,88
Vivo Y10,636.99,5000,13,4,63
Samsung Galaxy A83 5G,2039.49,4500,64,6,86
Vivo Y33s,850.94,5000,50,8,80
Micromax IN 2B,356.95,5000,13,4,66
Asus ROG Phone 6,3671.95,6000,50,12,86
Realme X7 Max,1376.95,4500,64,8,84
Realme 8 5G,841.45,5000,48,4,75
OPPO A55 5G,917.49,5000,13,6,74
Xiaomi Redmi 9,458.95,5000,13,4,68
Apple iPhone SE 2020,2034.9,1821,12,3,63
Letv Y1 Pro Plus,305.95,4000,8,6,60
OnePlus Nord 5,1784.95,5000,64,8,76
Vivo Y73T,866.49,6000,50,8,77
OPPO Reno 9 Z,1172.49,4800,50,8,84
Vivo V25e,1019.49,4500,64,8,84
Infinix Hot 12 Pro,553.35,5000,50,6,74
Realme Narzo 50 5G (4GB RAM + 64GB),688.45,5000,48,4,75
itel Vision 3,341.65,5000,8,3,61
OPPO A96 4G,917.95,5000,50,8,80
Xiaomi Redmi Note 11E 5G,713.49,5000,50,4,69
Tecno Spark 9T,457.37,5000,50,4,72
Infinix Smart 6,373.32,5000,8,2,60
Realme C25Y (4GB RAM + 64GB),458.95,5000,50,4,69
Samsung Galaxy A12 (6GB RAM + 128GB),713.95,5000,48,6,75
Tecno Camon 19,752.05,5000,64,6,79
Xiaomi Redmi Note 10 Pro 5G,866.95,5000,64,6,83
Xiaomi Mi 11X 5G (8GB RAM + 128GB),1325.49,4520,48,8,83
Xiaomi Redmi Note 10 (6GB RAM + 128GB),841.45,5000,48,6,78
Xiaomi Redmi Note 10 Pro Max,1019.95,5020,108,6,81
Xiaomi Mi 10T 5G,1198.5,5000,64,6,80
LG Velvet 5G,2804.95,4300,48,6,85
Motorola One Fusion Plus,994.45,5000,64,6,80
Samsung Galaxy Note 10 Lite,2039.95,4500,12,6,83
Samsung Galaxy Note 10 Plus 5G,4742.95,4300,12,12,89
iQOO Neo 7 Racing Edition,1682.49,5000,50,8,84
Samsung Galaxy A04s (4GB RAM + 128GB),739.45,5000,50,4,72
Vivo Y35 5G,713.95,5000,13,4,70
Xiaomi Redmi Note 11R,662.49,5000,13,4,73
Poco M6 Pro,1019.49,5100,108,8,84
OPPO A97 5G,1223.49,5000,48,12,79
Samsung Galaxy A24,917.95,4000,48,6,77
Infinix Note 13 Pro,866.95,5000,108,6,80
Honor Play 30,509.95,5000,13,4,68
Infinix Smart 6 Plus,423.25,5000,8,3,63
Sony Xperia 5 IV 5G,4192.15,5000,12,8,89
Nubia Z40 Pro 5G,2549.49,5000,64,8,84
Nokia G21,611.95,5050,50,4,71
Xiaomi 12 Lite 5G,1529.49,4300,108,6,82
Apple iPhone 13 Pro Max (256GB),7134.9,4352,12,6,84
Vivo Y21s,764.49,5000,50,4,74
OPPO F19s,815.39,5000,48,6,79
Samsung Galaxy M21 2021,597.97,6000,48,4,76
OPPO F19 Pro,917.69,4310,48,8,80
OnePlus Nord N10,1305.34,4300,64,6,81
Gionee M12 Pro,382.45,4000,16,6,67
Poco M2,555.39,5000,13,6,74
OPPO F17 Pro,968.49,4015,48,8,83
Motorola Moto G 5G,1019.49,5000,48,6,82
Samsung Galaxy A50s,815.49,4000,48,4,80
Samsung Galaxy Note 10 Plus,3008.95,4300,12,12,89
Vivo Y15,637.5,5000,13,4,71
Vivo S1 Pro,1529.95,4500,48,8,82
Vivo T3 Pro,1631.49,4700,64,8,86
Vivo V21s,1529.95,4000,64,8,86
Motorola Moto Edge 30 Neo,1631.49,4020,64,8,84
Xiaomi 12T,2498.49,5000,108,8,87
Huawei Mate 50 Pro 5G,5099.49,4500,64,8,85
Realme C32,484.45,5000,13,4,65
iQOO Z7 Pro 5G,1274.95,5000,50,6,80
Apple iPhone 15,4232.49,3285,50,6,72
Infinix Note 11S (8GB RAM + 128GB),815.95,5000,50,8,79
Tecno Spark 8 (4GB RAM + 64GB),458.95,5000,16,4,64
Oppo A56 5G,917.49,5000,13,6,73
Xiaomi Redmi 10 Prime (6GB RAM + 128GB),662.95,6000,50,6,77
Huawei Nova 9,1529.49,4300,50,8,83
Xiaomi Redmi K50 5G,1427.49,5500,48,8,83
Realme Q3,764.95,5000,48,6,80
OPPO Reno 6 Pro Plus 5G,2294.49,4500,50,8,87
Motorola Edge S,1146.99,5000,64,6,87
Poco M3,586.45,6000,48,6,75
Vivo V20 Pro,1377.0,4000,64,8,84
Xiaomi Mi 10T Pro 5G,1529.95,5000,108,8,86
Vivo V19 (8GB RAM + 256GB),1427.49,4500,48,8,84
Samsung Galaxy S20 5G,3824.95,4000,64,8,89
Vivo U3,509.49,5000,16,4,72
Oppo K5 (8GB RAM + 128GB),1019.49,4000,64,8,82
Realme XT,677.23,4000,64,4,75
Vivo Y12 (3GB RAM + 64GB),561.0,5000,13,3,68
Xiaomi Poco F1 (6GB RAM + 128GB),662.95,4000,12,6,78
Poco C50 (3GB RAM + 32GB),372.25,5000,8,3,61
iKall Z19,407.95,5000,20,4,61
Xiaomi Redmi K60 Gaming Edition,2804.49,5000,50,8,86
Vivo S17 Pro,2549.49,5000,50,12,77
Tecno Pova Neo 5G,790.45,6000,50,4,71
Apple iPhone 14 Pro Max (512GB),8664.9,4323,48,6,78
Google Pixel 8,2753.49,4830,50,8,75
Vivo T2x 5G,968.49,6000,50,8,80
Motorola Moto G52 5G,866.95,5000,50,4,76
Motorola Edge 40 5G,1784.95,4200,50,8,86
Realme GT 2 Pro 5G (12GB RAM + 256GB),2396.95,5000,50,12,89
Vivo Y15C,433.45,5000,13,3,66
Honor X8,866.95,4000,64,6,76
Samsung Galaxy A03 (4GB RAM + 64GB),586.45,5000,48,4,69
Samsung Galaxy S22 Plus 5G (8GB RAM + 256GB),4538.95,4500,50,8,88
Vivo Y33T,815.49,5000,50,8,81
Xiaomi 11i 5G (8GB RAM + 128GB),1274.49,5160,108,8,83
Tecno Spark Go 2022,318.7,5000,13,2,61
Vivo Y21e,637.45,5000,13,3,69
Xiaomi Redmi 9A Sport,331.45,5000,13,2,61
Apple iPhone 13 Pro Max (1TB),9174.9,4352,12,6,86
Vivo Y12G (3GB RAM + 64GB),611.49,5000,13,3,68
Vivo V23e,1376.49,4050,64,8,82
Samsung Galaxy F22 (6GB RAM + 128GB),688.45,6000,48,6,76
Micromax IN 2C,305.95,5000,8,3,60
Samsung Galaxy A03s,433.45,5000,13,3,67
OPPO A54 (4GB RAM + 128GB),611.49,5000,13,4,71
Xiaomi Redmi 20X,560.49,5000,48,4,77
Realme Narzo 30 5G,866.95,5000,48,6,80
OPPO A54,622.15,5000,13,4,70
Oppo A15s (4GB RAM + 128GB),585.99,4230,13,4,72
Xiaomi Redmi 9 Power,586.45,6000,48,4,74
Samsung Galaxy S21 Plus,3031.95,4800,64,8,88
POCO M2 Pro,652.75,5000,48,4,76
Samsung Galaxy S20 Plus,4233.0,4500,64,8,88
Realme 6 Pro,738.99,4300,64,6,80
Vivo Y11 (2019),483.99,5000,13,3,64
Vivo V15 Pro (8GB RAM +128GB),1275.0,3700,48,8,78
Vivo Y95,765.0,4030,13,4,65
Vivo V11i,1070.49,3315,16,4,70
Samsung Galaxy S9 Plus (128GB),1784.95,3500,12,6,78
Realme GT Neo 4T,1529.95,5000,50,8,80
Vivo Y53t,611.95,6000,13,4,67
Samsung Galaxy A04 (4GB RAM + 128GB),662.95,5000,50,4,72
Leitz Phone 2,6374.49,5000,2,12,89
Xiaomi Redmi K60i,1478.95,5080,50,8,85
Infinix Hot 20S,662.95,5000,50,8,77
Realme GT Neo 3T (8GB RAM + 256GB),1453.45,5000,64,8,82
Apple iPhone 14 Plus (512GB),5354.95,4325,12,6,83
Apple iPhone 14 Pro (1TB),8822.95,3200,48,6,77
Xiaomi Redmi 13 Prime 5G,917.49,5100,64,6,79
Xiaomi Redmi 11 Prime (6GB RAM + 128GB),702.47,5000,50,6,76
Nokia C21 Plus (4GB RAM + 64GB),458.95,5050,13,4,64
OnePlus Nord N300,968.49,5000,48,4,75
Tecno Camon 19 Neo,764.95,5000,48,6,77
Realme Narzo 50i Prime,407.95,5000,8,3,61
Xiaomi Redmi K50 Ultra 5G,2039.95,5000,108,8,85
OPPO A57 4G,611.49,5000,13,3,67
Infinix Note 12 (6GB RAM + 128GB),662.95,5000,50,6,77
Samsung Galaxy S23 FE 5G,2804.95,4500,64,8,77
Samsung Galaxy M51s 5G,1274.49,6000,64,6,72
Vivo X80 5G (12GB RAM + 256GB),3059.95,4500,50,12,88
Poco X6 Pro 5G,1019.95,5000,64,6,72
Infinix Note 12 (G96),866.95,5000,50,8,79
Samsung Galaxy M14,764.95,6000,48,4,60
Vivo T2 Pro 5G,1529.49,4500,50,8,76
Xiaomi Redmi 10 Prime Plus 5G,713.49,5000,50,4,69
Xiaomi Redmi Note 11 Pro 4G,917.95,5000,108,6,81
Realme Narzo 50A Prime,581.35,5000,50,4,73
Vivo Y55s 5G,1019.49,6000,50,8,79
Vivo Y21T,790.45,5000,50,4,74
Xiaomi Redmi Note 10 Lite (4GB RAM + 128GB),637.45,5020,48,4,77
Apple iPhone 13 (512GB),4691.95,3240,12,4,80
Infinix Hot 11S,494.19,5000,50,4,71
Realme GT Explorer Master Edition,1682.49,4500,50,8,85
Xiaomi Mi 12 5G,2192.49,4500,50,8,87
Xiaomi Mi 11 Lite (8GB RAM + 128GB),953.65,4250,64,8,82
Realme Q3i 5G,560.49,5000,48,4,76
Xiaomi Mi 11X Pro,1580.49,4520,108,8,85
Lenovo Legion Pro 2,3059.95,5000,64,16,89
Samsung Galaxy M62,1223.95,7000,64,6,83
Realme Q2i,509.95,5000,13,4,69
Xiaomi Redmi 9i (4GB RAM + 128GB),474.25,5000,13,4,67
Realme 6 (6GB RAM + 64GB),662.44,4300,64,6,77
Oppo Reno 5,1529.49,4300,64,8,83
Oppo A31 2020 (6GB RAM + 128GB),636.99,4230,12,6,72
Sony Xperia 10 II,1427.95,3600,12,4,75
Huawei Nova 7i,1121.49,4200,48,8,81
Vivo Y19,1020.0,5000,16,4,73
Vivo U3 (6GB RAM + 64GB),611.49,5000,16,6,74
Xiaomi Redmi Note 9,611.44,5020,48,4,75
Xiaomi Redmi 8 (4GB RAM + 64GB),585.99,5000,12,4,66
Motorola One Macro,585.99,4000,13,4,68
Google Pixel 3a XL,815.95,3700,2,4,67
Samsung Galaxy A40,917.49,3100,16,4,69
Samsung Galaxy S10 5G,4028.49,4500,16,8,86
Huawei Honor 9N,558.4,3000,13,4,66
Xiaomi Redmi Note 4,525.3,4100,13,4,65
Doogee V Max,2345.95,22000,108,12,88
Huawei Nova Y61,1121.49,5000,50,4,63
iQOO Z9,1019.49,5000,64,8,76
Vivo V29,1682.49,5000,64,8,84
Poco M5 (6GB RAM + 128GB),739.45,5000,50,6,77
Nokia X30,2141.49,4200,50,6,85
Tecno Pova Neo 2,713.49,7000,16,6,67
Vivo Y15C (3GB RAM + 64GB),534.99,5000,13,3,67
Huawei Nova 10,1529.49,4000,50,8,82
Huawei Nova Y90,1172.49,5000,50,8,82
Samsung Galaxy A92 5G,2447.49,5000,48,8,80
Infinix Note 12 VIP,1019.95,4500,108,8,84
OnePlus Nord 4 5G,1529.95,4500,50,8,83
Realme Narzo 50A Prime (4GB RAM + 128GB),605.83,5000,50,4,74
OnePlus Ace 5G,1478.49,4500,50,8,84
iQOO 9 5G (12GB RAM + 256GB),2039.49,4350,48,12,85
Xiaomi Redmi Note 12T 5G,815.95,5000,64,6,78
Oppo A96 5G,1172.49,4500,48,8,82
Tecno Camon 18,586.45,5000,48,4,75
Tecno Phantom X Pro,1172.95,5000,50,8,84
Tecno Spark 8T,407.95,5000,50,4,70
Realme GT Neo2 5G,1631.95,5000,64,8,82
Sony Xperia 10 III Lite 5G,1580.49,4500,12,6,78
Realme G1,407.95,6000,13,3,64
Tecno Pova 2,560.95,7000,48,4,74
Poco X4,764.49,5000,50,6,79
Motorola Moto G40 Fusion,739.45,6000,64,4,77
OnePlus 9T,2294.95,4500,108,8,86
Realme 8 (8GB RAM + 128GB),917.95,5000,64,8,83
Realme Narzo 30 Pro 5G (8GB RAM +128GB),1019.95,5000,48,8,83
Oppo Reno 5 Pro 5G,1973.7,4350,64,8,84
OnePlus Nord SE,1019.95,4500,48,4,73
Samsung Galaxy M12,560.95,6000,48,4,72
OnePlus Nord N100,866.49,5000,13,4,68
OPPO A15,509.95,4230,13,3,66
Xiaomi Redmi Note 9 Pro (4GB RAM + 128GB),736.39,5020,48,4,77
Oppo A12,509.49,4230,13,3,64
Realme X50 Pro 5G (8GB RAM + 128GB),1274.95,4200,64,8,85
Xiaomi Redmi K20 Pro Signature Edition,24480.0,4000,48,8,88
Xiaomi Redmi Note 8 Pro,866.95,4500,64,6,78
OPPO A73,815.49,3200,13,3,62
Apple iPhone 15 Plus,4334.49,4532,12,8,75
Vivo Y55s 2023,1121.95,5000,50,4,78
Lava Blaze NXT,458.95,5000,13,4,66
Tecno Camon 20 Premier,1070.95,5000,50,6,79
OPPO Reno 8 House of Dragon Edition,1682.49,4500,50,8,84
Motorola Moto E22s,460.12,5000,16,4,70
Xiaomi Redmi A1 Plus (3GB RAM + 32GB),428.35,5000,8,3,61
Infinix Hot 20i,509.95,5000,13,3,64
Tecno Spark 9 (3GB RAM + 64GB),427.89,5000,13,3,63
ZTE Axon 30S,1019.95,4200,50,6,82
Honor X6,713.95,5000,50,4,71
Xiaomi Civi 2,1529.95,4500,50,8,85
TCL Ion X,458.49,3000,13,3,60
Nothing Phone 1 Lite,1274.49,5000,50,6,80
OnePlus Ace Pro,2447.49,4800,50,12,86
Realme GT 2 Explorer Master Edition,2090.49,5000,50,8,86
Samsung Galaxy M35,1172.95,6000,64,8,74
Samsung Galaxy A05,662.49,5000,48,4,63
Infinix Note 12 Turbo,764.95,5000,50,8,79
POCO F5 GT 5G,2192.95,4500,64,8,86
iQOO Z8 5G,764.95,5000,50,4,78
Vivo Y55 4G,1172.49,5000,50,8,83
Oppo K10 Pro 5G,1529.49,5000,50,8,81
Tecno Spark 8C,377.35,5000,13,3,62
iQOO Z7 5G,917.95,4200,50,8,80
Infinix Note 11 (6GB RAM + 128GB),652.75,5000,50,6,77
Xiaomi 11i HyperCharge 5G (8GB RAM + 128GB),1376.95,4500,108,8,86
Samsung Galaxy F42 5G (8GB RAM + 128GB),1172.95,5000,64,8,82
Apple iPhone 13 Pro (1TB),7542.9,3095,12,6,84
Nubia Red Magic 6S 5G,2294.95,5050,64,8,84
Micromax IN 2B (6GB RAM + 64GB),397.29,5000,13,6,68
Nokia X60 5G,2039.49,6000,200,6,87
Vivo Y12a,509.95,5000,13,3,65
Oppo Reno 5A,1172.49,4000,64,6,80
Poco F3 GT,1682.95,5065,64,6,79
Honor 50,1682.49,4300,108,6,85
OPPO A54 (6GB RAM + 128GB),764.95,5000,13,6,74
Realme 8i,637.45,5000,50,4,74
iQOO 7 Legend,2039.49,4000,48,8,84
Realme C11 2021,331.45,5000,8,2,61
Samsung Galaxy A22,943.45,5000,48,6,76
Realme GT 5G,1580.69,4500,64,8,85
Google Pixel 5A,1682.95,4620,16,6,78
Samsung Galaxy F12,535.45,6000,48,4,73
Samsung Galaxy F41 (6GB RAM + 128GB),1019.95,6000,64,6,82
Samsung Galaxy A21s (6GB RAM + 128GB),892.45,5000,48,6,75
Xiaomi Redmi 9A (6GB RAM + 128GB),560.49,5000,13,6,69
Vivo V20 SE,969.0,4100,48,8,82
OPPO A53 2020 (6GB RAM + 128GB),713.49,5000,13,6,70
Realme Narzo 20,535.45,6000,48,4,72
Realme C11,330.99,5000,13,2,61
Xiaomi Mi 10 5G (8GB RAM + 256GB),2804.95,4780,108,8,88
Vivo Y21 (2020),509.49,5000,13,4,65
OnePlus Z,1274.95,4300,64,8,79
Sharp Aquos R5G,3059.49,3730,48,12,88
Samsung Galaxy A11,509.49,4000,13,2,63
Samsung Galaxy A9 Pro (2019),2039.49,3400,24,6,78
Samsung Galaxy A7 (2018),1095.99,3300,24,4,70
Poco C55,407.95,5000,50,4,70
Blackview BV5200 Pro,458.49,5180,13,4,67
Honor X7a,713.95,5000,50,6,75
OPPO A58x,713.49,5000,13,6,72
Doogee S99,764.95,6000,108,8,84
Motorola Edge 40 Fusion,2192.49,4500,50,8,87
iKall Z18,346.75,5000,20,4,61
Oukitel WP9,1320.85,8000,16,6,72
Xiaomi 14,2804.95,5000,50,12,89
Motorola ThinkPhone,2549.49,5000,50,8,89
Xiaomi Civi 3,1682.49,5000,64,8,86
Realme Narzo 50i Prime (4GB RAM + 64GB),444.72,5000,8,4,64
Oppo Find X6,3569.49,4700,50,8,89
Google Pixel 8 Pro,3620.49,5000,50,12,80
Motorola Moto Edge S30 Pro,1784.49,5000,64,8,83
Honor X8 5G,764.49,5000,48,6,75
POCO X4 GT 5G (8GB RAM + 256GB),1478.49,5080,64,8,85
Motorola Moto G91 5G,1019.49,5000,108,6,80
Samsung Galaxy M52s 5G,1274.49,5000,64,8,74
